idjournal,idvolume
621ef1db-1f39-43fc-8848-bb366059bec4,a6edc871-ba91-4cb3-afe2-ed165e8a76f6
d3422460-690e-44bd-b35e-5a6d95afa7ea,72033a73-2ace-4547-8aac-0c8362922727
5ce37a1b-8ac5-4a96-b41e-6640455f77ee,04a4a8a6-959d-4343-bf1b-7b7a191e4bb5
a22821d1-5518-4af4-bf4d-735a5632660d,92ed9275-c4f4-406a-837f-e18ade56d3db
5182ff57-eec1-4fd4-a955-79a15a287057,3d5a5c24-9a99-4108-9da4-08046ba3b469
7d603154-2024-4873-b35b-f304b622fb12,2495e101-322a-4569-8294-3540ca5326ae
55530971-e1b2-467f-93f0-a5d9f63baa9c,b09dc8da-5cb3-4834-b0d2-aace88660faa
db792fbb-91e7-47ae-a552-6204c36c3c4a,aa4383ef-bfa9-47b8-a3be-5bdaf8e29d41
1b1f3228-806a-43e2-9374-8973a6f43495,fc8efd17-9bdc-413d-877d-43a2cb23b9a8
e96d7fe4-ddb9-4867-a9ca-738f5338b7df,00252e64-1be4-4c58-9cf4-f180e70ca9d4
d41fcc8e-c270-44f4-8892-4600a879eebb,0460453f-a905-4b69-99c9-b664504a0f1b
a4059e9a-b41e-4591-a24d-89853252e860,64bdc114-ba3c-4aac-af0b-a46cd478435b
a89b523e-e59c-414b-881d-a78b6bb3fa44,bf8e0f7b-5932-4fa1-87d2-62e074478183
9f55d3f9-2ab9-4310-8bbe-ded1948d5ba2,101039f4-8a01-44bf-bdf7-ed3e675b73a1
6c4d3f76-65d5-4fad-af2c-32bbf3e88d1c,4ad44f78-c262-417e-a146-90ccca1bc312
0b712240-29f6-473d-93dd-a2e652426da8,6a3471f8-9682-40e4-a3e4-f0a525682299
ed66f710-38cd-4a5e-90ad-5fe426d60107,671dbffe-fed2-42bb-9e26-428b4eb07b82
b03d2764-90e4-49d7-a13e-4542d5d97c5b,e699f5ef-95c4-4641-be19-7cf2bf164edf
299bd8c0-10e2-45cd-90c0-6d78f667144f,e947abfd-9776-4f7f-842e-ff9d4c80f0ba
3b1add2e-c2d2-483b-b0fe-974028c501c5,e7d05416-5f4b-4093-8684-03879f4c798c
4ff6f04d-e714-4c66-8366-e1d210871382,758eef10-246e-4b9e-9645-7106b9747671
82ee98c9-4857-4c75-8b18-d88aa9fd9090,011ee2ca-1a61-4d76-8fee-a357f9fc8008
1c4b84aa-fcbc-4863-9a85-7c8fbd75310e,da205510-07eb-462b-afb7-224596899a40
9750b82c-4075-4bb7-b07a-339a513134bc,a63341c0-1425-4bba-985d-82ec35fd65b0
408fe675-13be-4a95-b3cb-75a7a29cf1e7,b8b354ad-f0fc-4da9-970f-97de5129768a
eb0d0c00-cdc9-4df9-83d5-b56402f23b80,2f1c8d63-0b4b-4f09-8577-8ac733c819e3
b913dda3-4e51-4e71-b752-db343d6aedb5,e2e6eb48-d6e9-4bce-94b7-63f451be0813
241af18c-29ef-493e-a4ff-5a2a7ba29eb3,ee349f2b-4816-4ff3-a259-bd199dbeca71
c581e444-3666-4685-a844-47b7b70b7d3b,e6ab9ade-b05d-4d43-b5e7-b8898ce58f9e
5009ed46-a631-4cb1-a75e-a82a9dda2471,48378150-3533-46c5-8068-9f3d031bd0d5
c483919a-a01c-409b-b6c5-ed25e6d6d6aa,f156646a-4fe3-4c37-88f2-13898fd3b0be
ef3efbc9-a67a-4e40-8440-d5c4126a3129,16cea012-3c11-4e9a-876b-356f406c7f18
0ce7678b-017b-4b05-8d44-f299c27e325e,758eef10-246e-4b9e-9645-7106b9747671
7eba631e-d077-414a-b1bb-a7b2c89681ed,9fbdaaa7-8f4e-4f91-b84f-3c900c6bfcff
394dcca2-b570-4339-bfba-344ef0a30b25,6a3471f8-9682-40e4-a3e4-f0a525682299
32afd4d8-6a83-444e-9a23-ab64a2975158,c085e904-aa54-4a6b-87bd-fa4b89705bb4
68c877b4-10e7-4331-a875-1998e3402a38,8a60dc42-9483-41e6-bf1c-eca32c70caf6
41872238-ebe4-4a55-ac28-a21db048f232,35d2da4c-b167-4f35-98a4-2eadc0cc1a80
066af1a8-28ca-457c-baed-45aafb637fdf,3df1cebd-0d6e-4473-aec6-63c6456dea10
204e7d4c-6376-4ddd-9a16-22ebcdf72b97,29943406-f8b9-49ca-b2dc-0ad1680b26e2
3d82473b-0b2d-4c9e-9ef3-7d92e1269430,af000084-e5c0-485b-9896-511783ae836f
1e0dea74-9e72-417d-87c0-ed14b32196bc,c4161137-b3e8-414f-9155-133de08acd7e
36a3ed16-246e-48f8-91d3-83cc6411349e,d1618521-c9c1-4041-83ae-b19b03aebd81
f9934811-9db9-455f-b79b-8c7305eb604e,8f281986-c4f0-4e21-aa05-0a97e4273004
f3b07703-e62a-4888-99f8-c05e82abc125,56cff6db-a253-4470-8f89-5dc3340d03ee
d599c989-5d20-473c-a79a-1d6d84f22817,b19bce66-00fb-4f93-b2fa-b33603f9e502
bb40ca26-84ca-4196-b8f5-0305db943711,96e17f63-e10e-43a2-8ce5-3d97a7e1e24e
abcf7137-72c7-4bbc-807a-606fcfcebbf4,bb98704b-3755-41b4-91a8-56fa2173314d
1eaa8026-3415-4326-ab7b-9f6a7ca115d7,671dbffe-fed2-42bb-9e26-428b4eb07b82
5566ef69-fc41-4b4b-beb3-76497e25b426,ab8980d1-f47f-4443-9bb3-825af27bfbd1
d87c687d-b862-4545-8387-5b44eda8d573,82278eb8-025a-4624-aaef-282cb21b7cbe
55b03b5a-3a42-4d78-9577-c30752657258,d45880ed-dc45-4877-aec1-75085baf31c2
1c3c9856-9d73-484e-955f-83a2fee44652,4f71bc34-6a0b-4732-b4b7-f3b87a8fb299
8d785037-f4a6-4257-8b03-b0ec6f9bddd5,8026f89b-8f35-4f9e-bc34-4f390ee9302a
f5cfed44-652e-49a8-9f2e-ec3504d7f75f,5552edde-e463-4f84-99d1-fc9a88aea5e6
762608a1-24b6-4644-a5a4-ab73117507d4,89121714-5340-4d8d-88ac-f95a1e465090
c6d19cc7-1fed-4809-bb40-d7624797160b,e262682f-5abd-48f6-8278-063c4e97e0af
6c7e9e38-ee0e-454a-997b-d064fdf9e2f0,4a4c6810-3f6b-499d-8ab9-c604fa8a51f2
9c1c42c8-fdca-4bf5-8f6a-d1e0de0fbcfd,bb85fed8-fd9c-45af-98b2-e57f60c91fb9
c49ed15a-87a7-409a-a782-3b1e039078c9,9a12305d-c050-423a-b320-f66e43586cfb
12b82fb1-44b9-4c2d-b4f4-072e3d44c240,a49750e9-cc89-4580-b354-1c64e7fc20b3
e20f9d12-b143-4d09-9447-fa8031768313,1610720a-85cb-467a-824e-dbab3272885b
77436f5e-b1a9-410f-a4fd-112e818ab0ee,89c49309-90cb-4d5d-83d9-7e0870ba50d2
b6fde81d-b6c2-43e9-820c-ae3c28a3cd7b,d2a1d5fa-f323-430d-8b1a-22ddaba59324
80db8204-8a1a-48f0-af89-ce81273fef8a,a49750e9-cc89-4580-b354-1c64e7fc20b3
b562603d-2cc6-4609-880e-a08998c6b4ef,fdabc021-ffc5-46f1-97d4-2636736105a7
3f75a1fa-536c-4e4c-97ba-5f843cf7ffda,2fca99c9-352b-4e87-9ef5-19a9d86e1859
06f86fdf-1525-44b5-8699-645d744029a7,ba413091-17d6-4901-972e-e4d4d264cf0a
d6cec4f8-943b-42bf-ba3e-db3b6211be77,5420f2a1-9345-4392-97dd-b6c5193a8850
7b05874b-be3e-4d6e-a785-f7ab63b36bdf,e6d473c5-ba41-46d8-8e57-c8d1efc0ce2c
681a1a5f-6342-4084-b061-cff51308e7dc,8a91685f-ee62-4814-a315-ffee25ba67db
3d0da1eb-8d03-4e29-8d5e-79f4bad2e8f5,957fed32-3684-45fc-b94c-ac16b39802c5
b1b14265-3620-4f6b-b562-671148637525,8545d58e-e1c5-4180-9e65-183e998aceb9
46bde4fb-1488-4b27-80f0-0500ea781ea4,92b8a183-51db-4bb9-8a71-255d033eefce
849c4782-fc24-448c-85f6-48b64470a04c,a3b1cedf-1a30-49be-b954-d9a2b088026d
93a1a5bf-542c-4ba4-8118-7449f89e6e92,3b198c55-e2a3-408d-9c1d-1a60f6dc8288
0f28200a-24f3-4dde-b86f-b5f62474a4a4,cb5d6e60-be08-44c9-8832-310a46d634a9
d228aefe-7091-425b-b196-98b956b3222c,7bdba6dc-2732-464a-8f5e-2f5c75c8e81c
c532ed0a-ddcb-4852-8d25-c405dd9e709f,68bd3299-788d-4e4b-82d9-09f48a059033
721c6648-52c8-49ec-9dc9-940d2b26ff8f,6d206be6-5efb-424d-8a70-bccb48cd4f04
e166b6c6-2de9-4626-95c4-ae141511198d,aab2b938-2e8f-48bc-9f3c-83b8b785603a
4a2b6f60-6161-4ac7-9d09-079bf3e8cdd3,4c1595dd-9785-4e6d-92ce-c2735b65755e
fdd968ff-539d-438d-af12-37c1920058de,ea02b0f0-9333-44c7-859d-e1508ee60660
2c680c14-47ac-448c-bba9-4a6f04fe614b,f4c1636b-62f1-428c-80cf-113eeba1bd98
1fa0603d-6f29-45cb-aec9-88673f880d93,a2033216-a60d-4ae5-8e21-7ebb446cb311
aa4f78e2-e127-4bb3-888e-3ce06c00c155,bf8e0f7b-5932-4fa1-87d2-62e074478183
cb7d3823-b97a-45c0-a3f2-a1e39c2b1985,ae90be06-00cc-4b48-982d-002896f2b541
cce14178-7a68-4eb2-bb28-4ac2f449062b,9ae390d1-7926-479d-9d11-daedfbae427f
f5603cfa-a71f-4aaf-8ee9-21c866c98698,fe293e8e-5731-49be-b568-efe05f4322d9
6af013e0-cbd5-464b-a94a-6e49c5ba04db,ae90be06-00cc-4b48-982d-002896f2b541
2a9c574f-5c57-462b-b604-a31afb6301b6,cfc42caf-c36a-4083-b75d-0542eb51eff8
bf77ad57-e35f-4d5d-9ec2-d732ea7380d5,cd6177f3-375a-4e5e-b56f-5758ae274689
ec8ad4a9-5c35-4de6-b936-ada9a29e5b4a,021af704-646c-4201-b0bc-a7631877943a
eacdc1b5-6cbb-48aa-8e61-f25ee894b508,ee4909fc-828e-41c3-8b5f-e5e035c12010
1acf8711-c748-4c35-8249-5eaf2a171adf,7859badd-7d89-48f1-8098-555f33989fa9
f2ee1a68-54f8-4662-a0df-572a95e2eaa6,7382a2eb-73d9-4895-8397-392280f7ae34
c09e509f-65dd-4d08-a642-d90c28bd8184,74283d26-39c4-4570-a353-c663ffc72815
a1f53cd9-4dfa-4137-9575-f77ba259a394,a3782b22-3b4c-4949-9607-349a68064360
07c1a958-2d62-4327-b563-7512da4c7ce9,058a58c4-d089-4883-bc21-8c61c673cf28
c8067c8b-ae4e-4bc8-bfab-8d1400dee9a1,79d118d1-cd2d-4e02-9fbe-9c24d5724ab4
ae13718d-6eed-48f9-bac2-50dd0e43fcbe,92dbdc17-7823-44dd-984a-83b5abfa3be9
560228a9-8303-4acc-abae-5c5ba3a27351,e7693093-4109-437c-8b11-588ba33094f2
bd1b828e-27aa-43d7-882a-21d442fb273f,d36787d0-3f89-483e-a428-7fa6d0e14b36
2e07bfe3-bdd7-44e3-a37b-c61341b712c7,846bcae2-de14-4176-9ccc-863365c38968
d62ec6df-daed-489d-95f5-965f12dd01a1,62627009-82e1-4ecf-9097-8109382669dc
cba88d0c-95e6-4471-b1d0-bb03e82480f0,dcafeb64-d499-4be9-ac53-13881f4c56b3
fc717c5c-65d6-42a5-8b61-690da3f2f62a,7003cbce-11d1-49f7-9ab1-4d3c27f9eb44
bae91660-813c-4cdf-a886-8556da4ee3b4,3aea9558-796a-4879-b7bf-739067b78c0a
63139a86-312c-461c-87c6-925d50e11838,a80a8d02-3bba-4499-9439-2bdd98ffbffd
df2ddbc0-fcad-4bf6-a5e2-17796764333d,ccc16612-35f9-4b8e-bf97-9602f35ed279
7fe82f5e-12c3-4fb1-8f37-9f59fd55819c,a092d340-7929-4818-b4be-6ac2e73cfe4e
895183af-7ecf-4d95-8811-92e40d3752a3,a579f4bd-c38f-48f9-a232-b46688ea8afc
5683e2d8-5808-4166-a894-a3fc79799920,a5bf9da3-1fdd-4b6c-8d74-7f4c92044f08
fc9e2800-e495-455d-9b15-04ad3404d365,09f5570d-e251-4499-a94a-1dbee52a77f9
00f50560-bc87-41cc-bb0b-ca73450d7168,a00b4203-0b25-4886-88e6-e57a0d5e52a9
3c759638-10c4-45b7-aafe-03bdf6232e5d,53c54756-c39d-43d5-b407-39a217b2479e
a670e3be-f0c4-41ed-91d3-ff71c77654c0,93f102e7-76e3-47bb-96d6-cbf85b54dd49
de49c843-4e7a-4006-8fa2-0c1b800c6b70,69a58b16-2bae-4785-a8d7-9d660831e438
339c694b-b36e-46d3-aa25-eaf212a1df7f,5552edde-e463-4f84-99d1-fc9a88aea5e6
9179f022-bb0a-4048-8822-7a2cdc4e64d7,76c3cfea-3573-43de-9988-eb509e133f4a
cbcc7dcc-5728-40e2-8ea1-1b8c7877a1e8,da205510-07eb-462b-afb7-224596899a40
a5f4a1c8-81bf-4eaa-9c45-afd66772938f,64d2f750-ab39-4bca-ada5-50986cc8506d
7854d3cb-8d9a-442b-8b15-d01c41527eb5,65f8c1c1-d72b-474f-9408-08708ad76ace
4d3fd119-f2fb-4d16-ae75-0e05e650c000,e185f34d-a5d0-4c21-8957-84c48950409a
f3017d7f-39a5-48ad-9583-31ba09a9a994,49d7eea0-5efc-4dfa-a24d-58a643f15d91
41eb132b-2c3f-4847-871d-b7e28b215273,00252e64-1be4-4c58-9cf4-f180e70ca9d4
0e43732d-203f-4f2b-8166-d77640b67559,f6bb6b9d-5470-4c99-8410-c53ea23517de
b383f7e9-2e8a-44a9-8289-cf63ce7010db,f0be792a-052b-4a46-a9b1-9ca6cf4012d6
647f49bb-fc9a-4f35-87fb-0e611376e6bf,2efe6aef-d011-40ce-adba-cf5a4badc958
4150468f-9350-43f0-9e58-119725967a61,9c99b03f-afde-48ad-a00e-27d4deaedb7f
c699631b-2fee-4526-b555-bcb2783bf0f9,a092d340-7929-4818-b4be-6ac2e73cfe4e
3fcc0294-2458-401d-b9d2-1b5c5418706d,c207f32b-ce06-4982-99e7-24770725c8d5
769327da-8931-45ea-a2e2-111c2066136d,19837c2e-ff03-4185-acbd-8b95238fca2d
3ab4f4d8-a026-4366-a768-a32e633abb26,6f8c307f-5099-4c86-916f-d9dc49e173f4
71e4abd6-40de-4265-9ad2-c18c355eda97,7950c953-8d64-4189-a14c-e718ae7f12a4
9a2c8ae0-e67d-4a2c-946a-2f734bb130ee,a938a5f7-f586-4341-bfb4-f19df3e7da89
08b1f36a-afab-4cb0-a80f-4914779c3996,67e82519-bc7c-4cd5-8813-65188e4e30dd
04431a0c-06bd-468b-a9d2-f4d9d1b8b5bc,1eaf7b96-29fe-4c5c-86b5-b376ebf8c601
86c29ca6-0f1a-43ec-9742-1cea42a97dd7,287c0c3a-256b-4b76-9bcf-2108a4030679
73c801da-2194-4c5f-adcc-77c7a31ff439,002a0d48-925c-47b3-83cd-59d1cf570cd6
2c8d909c-cc38-43f4-abfd-88f57c0b37c4,5cd7c928-5f81-44bb-a96f-cca5c373bb62
ee733b41-9262-421d-8280-95c0d64e1351,55b403e4-11ea-4d14-848e-ffff03bbf05b
2f8e51f7-ef3c-44c7-9223-5544714fa33d,c0f28c84-986c-4874-a4b7-6c419bbcb219
0f9b8d16-d9de-4905-9d2b-7e71fbf30caf,558fc12c-b867-4bb3-9223-5cd6ff582a29
1455ba1b-0c47-40a9-b760-f9e6be09ef86,92dbdc17-7823-44dd-984a-83b5abfa3be9
327dbaaa-acff-41f1-b241-7dea5019c98a,4b3139dd-246c-4881-bbcf-b1a176806d8a
143e8535-77af-4920-99ff-4a00f8e64f0a,71d6bffe-18d3-4b14-ac96-3fa9a172a87a
7a2cad9b-f3ec-4436-9fe5-0ef991695937,b5819f4b-8a55-40da-aa54-4437d470ebcd
15fa343b-b580-4a60-ba34-dee1da74e097,4a852ec2-fe16-482f-a7ad-f1c4ae5ce103
70afc3c1-8517-4690-846d-099fc93368ef,79dcde41-f550-47b7-8ca1-8449dca5db83
547d6e1d-d96b-478e-94ed-a71afa6668ba,b634ea5c-bb76-4042-bb16-f4f299a05f65
7d3f50a1-0d45-4e2d-9e20-34e6406486c1,c2e08477-719a-4ed0-88f7-2f9c3881bc0f
c1207e0d-c25f-4bcd-a32d-67e2ca3c704c,9b82adc3-dcd1-4a9b-afc0-e6220dab4495
baa9e6a6-a8b1-40db-aa62-cceefdb0b17f,a6dd14ff-5afb-4db5-983f-4b5f00afe133
0b052485-1104-4e94-bdfe-4421306bd426,9d50c881-7391-490d-bb15-a0c02f282b0e
b0d76d7b-384f-456a-ad32-0f28030d5fcc,65f8c1c1-d72b-474f-9408-08708ad76ace
6868e7b1-3f44-48b8-acf4-6ab1ed00be47,0d1373f9-ba91-4d42-b31f-d316c59c9e23
84fe7c65-a622-4bac-a394-10ac93bfa2e1,1da243d2-3c40-4635-856b-b69fa84dae1d
fb73be9f-829b-46ff-bc3e-a2b97b49c877,38563b08-efac-488c-b5cd-589ec23ce699
72a550eb-0aad-421d-b0e9-8d7886d27a49,cd134127-cdd5-45d5-880e-ff1c8a998637
abe5e43f-46ff-47b5-93a6-6016c2d3ffc9,25f2513b-b6f6-4b87-8383-103ed92a43d9
3612a410-8d74-4466-a815-c885e91634d4,a0958ed7-75bf-4f5a-87d9-3c777ffe9cbf
f72784bd-add4-4b5e-8555-a17dcb74cd76,be95cec1-4e19-4985-b39e-810731fa4691
ede535c7-0592-4d7e-90ae-f34597654841,e1fab917-d2bf-4e5d-846a-2a46b8e52a27
618fb193-08c2-4402-a953-7935ba1ab744,45c43f26-607e-4141-9d6f-0f3670d841b1
77af6de9-499b-4a27-a13b-e3b56e20dff3,9743b5c0-0156-418b-9567-ea3e5b71d5ba
d559c648-76bc-42fd-ab5b-cfcabc833fee,793b2420-afec-4c14-a2f6-daf6dd808528
49898c89-061c-43f9-b194-ba44c0718471,263ac0d4-4983-4df0-a3b6-c4fe52a7036c
0a251711-15df-4d55-8f75-76c96d890df7,558fc12c-b867-4bb3-9223-5cd6ff582a29
d0a77042-9ffc-4eb6-b884-333df396294d,48127d0e-edcf-4e59-8086-099a053a8d10
7e9d5532-b172-4c79-ae6f-1e1920792ef1,e7f1bb8c-edc5-4596-9400-a9605d254f2b
e086b34d-efaa-4e88-b116-40b203b24bb7,2a7ed00f-3a47-4fb6-a049-87b626162239
5ec5ad93-a657-4450-a8de-c1fd54e27262,88d9ee09-0d92-46f5-8299-a2b9d0d752cd
a4b2c966-7223-4eb7-aae2-05279fd5858d,9bb671ae-cfa2-4530-a0b3-8c46c374b45e
a645ae6c-c13d-40fb-b6dc-3ba54d1e096c,839c4432-36ce-455b-8d8a-ece2a0e9f0af
bd21d36e-132f-420e-8ed4-e13c427b14cd,d45880ed-dc45-4877-aec1-75085baf31c2
7af42733-6ba2-4ea2-854a-6bb7091d02a9,b5819f4b-8a55-40da-aa54-4437d470ebcd
ace63044-908f-4997-a620-eae25465d227,35d2da4c-b167-4f35-98a4-2eadc0cc1a80
d359c768-c083-436c-8b9a-8d7b5b9fa8b8,0fb2bb53-2910-4daa-9f9b-acd932ef2009
0ac98512-1b20-4003-a26c-dd8a0e0acf47,f69f825a-603f-4a24-8a91-74211aae004e
76d17231-9bc6-4693-85eb-c038edb188cc,18e21cbf-ed4b-4feb-8eb5-0d353d039972
02a36972-114e-4c6c-b1f6-793c406d30ac,ccc16612-35f9-4b8e-bf97-9602f35ed279
9e768aed-85a8-4c7f-ab17-0c19c1a0ae67,cb9da2f2-bec6-41d2-a74a-bcb949d2ede9
c940eb49-8862-4efe-a7ce-49f8fc0c64a0,1f05fe73-1864-4038-bed8-b0172ed32092
1e8d7a96-84b6-4d06-a760-6ce739251e68,0fb2bb53-2910-4daa-9f9b-acd932ef2009
d5c9408b-de16-4c9f-999a-d3c72668c67b,c09d396e-78aa-43c7-bc67-9e9e6b80c72e
83a7abf7-4cca-4fdf-b373-7da70dcbb4ef,e477b19d-b2a6-4f06-bef9-a9ad0645c818
03c4cb53-6aa4-4bd1-a6e6-5ae8e1209471,5f068952-4db8-45df-a161-020c7a92bcff
31083eac-becf-40d1-bb7c-4e953d850ee6,b21fbe1b-02fb-473a-8a70-f8e75209cff5
84fbf3ef-40b9-4be9-81ce-63261795646b,1f05fe73-1864-4038-bed8-b0172ed32092
f3018629-9c85-40f3-b53e-ad3ed3ae8220,18e9eebe-2a7b-4a5f-b282-7c2ea5f7336d
987afb89-5b98-4cb5-bbfe-4e8fdabc4360,67e4ca1a-6ff2-402f-951f-5c8d015d8389
8cdd81ff-fbab-47ef-9088-cdffd3eb38d3,ac372446-f6e4-4270-85f1-19ede87212db
055c4dd4-7c0c-46e0-b3fa-ab1bf1215c8f,5eb0a02a-742c-471f-acd9-327374721cd5
0f21c597-5844-4803-9300-d150353bd83b,441bb969-a399-4364-9613-656c2d310235
3955ca3b-0798-40cc-9846-b474911c6e22,498df3de-c674-4b86-968b-cedd56dba417
50bc9e5d-1ced-4453-955f-df412afa5104,55e76175-b1fb-4c23-9068-19a8d3b85389
defaa0b3-7efe-46cb-a6b7-3c7fdd01ca95,042f4db0-d808-44a2-9b98-e563435a6a26
a1092e7d-c89e-462d-97ad-d365bc3284e3,fe293e8e-5731-49be-b568-efe05f4322d9
8a2b8f4e-1aec-4ab6-8d64-8ec93a840f29,3abec6f8-29fd-49ed-8326-c3bd2401f9e4
324555ec-dc66-4f03-8778-7d85e3452388,aa41e999-84f7-4a16-9b3d-2450858431bf
df2b6f2e-ac39-4018-948e-c8cbeeb46167,01958776-86cc-4930-b669-db100dceb26f
31038b3b-bc1d-4204-a6bd-3a7db05e4e7d,9e970cd4-de3c-4ffe-85f8-cf0305872c17
f9ec8476-390d-46d7-af31-581da842d868,8cf82f0d-678f-43d1-858a-18cee83f5819
464a1642-4e74-4c0d-bec1-4c1a99cf94d7,4a4c6810-3f6b-499d-8ab9-c604fa8a51f2
431994c7-715f-4eaf-8b59-85ded62f453c,586bfa7b-10e7-4d26-8f79-6359fe8218b0
30094f03-a182-498f-8c28-511ff57e97a9,447e5487-1fff-42ff-9099-014b2551a9cf
66dbc7f8-11ae-4a1b-9e9b-9b66be59f80c,c66e1b13-b8eb-44b3-b81a-382d9f8284ff
b65bd202-eb91-431e-8ab4-f8060f9d4266,865b09cf-cac2-40a9-ac77-7a67b8c67b99
bc0b430a-f9f9-47b3-92b2-84b81f8490bc,b8e69573-8612-43ed-8c8b-209ea58640a5
8e172165-aff6-4370-a90c-7474826cecef,74fa24db-1e85-48a5-956f-0c0d4a3e9a88
c8137fe5-5bbc-46b6-817c-680532a6e11b,9ee063ce-efed-48b1-861b-698a5e5977e3
65db5ea0-9141-4e28-ae64-4b175e16edcb,be2a3cfb-e8b9-46c0-b4b3-b2c7b542e9a9
7983cb70-441f-4893-aa03-87df71e13d4b,fe503c9c-38d7-40a5-b1b2-20bd225d2aca
af64e468-e04a-4adc-83bb-3eb7015e1bf3,b801d668-0524-4583-abc4-2c1dc34497a5
97ea24f8-2c0a-4fef-b1ae-fa471312dd1f,71c9aa1b-7bed-43bf-bdfb-bc9679702181
b5f3afd4-fd50-494f-9f2c-349d26acb66b,4d0a21d7-eb3d-4ac5-a222-5c05612c81c6
23806b0a-a18a-4f10-8ad8-3ec4502cf5df,c20f51a6-2f14-44dc-a1e8-f992509e6fd9
ce131665-c090-43fb-815d-1704edb5b2ae,ca94c80d-1ebd-4197-b79e-b8c4bd447b34
dcd96e10-a616-4dc9-937b-67db8fccb59f,7382a2eb-73d9-4895-8397-392280f7ae34
0a1d85bc-fe6c-4e12-a074-a2a50b527ab3,09a5789e-538a-4c4a-84b8-5fb565872c86
1f422f33-84ce-4b8c-bcf8-d52c0294ac66,8a60dc42-9483-41e6-bf1c-eca32c70caf6
ea667738-0d47-4e66-8869-1168744b2e39,01958776-86cc-4930-b669-db100dceb26f
761c8048-deaa-46a3-b2b4-d4c63ccf4b9f,1a47d6eb-de81-46f2-b6f0-1f3f8fa440de
b3e3d15e-0801-4ab0-b3e1-341f56fa7769,19837c2e-ff03-4185-acbd-8b95238fca2d
8e8d9ace-4450-4164-a67e-5446dc3243f5,f71e3b8a-848d-481b-9591-6a3b9b5d9c2e
01747a62-9920-470c-9610-d4c447a41677,29943406-f8b9-49ca-b2dc-0ad1680b26e2
2f420066-2a18-4c0f-92b7-7eb4e7c2a5ab,18e9eebe-2a7b-4a5f-b282-7c2ea5f7336d
3d181d50-1131-45f5-9447-ac862bd6844d,3df1cebd-0d6e-4473-aec6-63c6456dea10
e1dd9107-e78d-438b-93b6-dbe8284ec0fe,cfc42caf-c36a-4083-b75d-0542eb51eff8
f0618738-71df-4379-ac80-ffc496d6c9a7,76fcd71e-e78f-4d2f-b798-be7237aeaaa4
27aeba4a-2f57-4ae9-979b-dcf6a26bf148,0fb2bb53-2910-4daa-9f9b-acd932ef2009
76625217-e10f-47a1-8942-33646298fdd1,db93fa24-cf6a-441f-b0d6-ea8b7596b9b4
b04ac697-798b-4eaf-819b-5c396e628575,3b50942b-e86f-4e60-b5fe-52227db37ca6
76fab6ec-2940-411a-98c9-927d620fdadd,2ae1c5a7-fff7-44fe-ae4f-fc957ca5d9ce
795a4157-b91a-4906-b89b-17f53369f315,1cc27641-297d-4f93-b809-2462a3c01ff9
a4bda87b-99f5-4883-8aee-8b6cc9860bb3,ef78d7ce-2b2e-4873-9df2-14ce686e2a8d
956b0dd2-7259-4d5e-9a8f-cf36aa4dd14d,91fb795f-d2b0-4785-b7d0-7c1da3b6697a
6576f636-12e2-466b-893e-f67842ce0fce,b9b0a063-f9bf-4ffc-80a8-88ebae6fa35b
31f40352-bb1a-429f-8361-50820ddf196a,b524daa8-86f1-4087-87ed-87e9ffe752ad
fd6cd2a5-3efd-4f55-81bd-ba454808ef11,f6c0ab57-d601-453e-a44c-59217418b886
89f4cc98-7582-461d-98ae-07922f040c15,a4ca6172-5189-4064-8529-d2823bd0cdf2
6e037c47-a10a-40ac-a6b7-e5fca3d8fdd3,3182558c-dec3-43d6-a7bc-cabbef4e578f
84f4e146-a1dd-48ec-b3b2-5bf47293024e,ac9ac0d7-e25f-45c0-a008-6e7d0b1bf62a
f94d9592-72bf-4336-8385-0615aeac74bf,b504e537-a3f6-406a-ae62-93dfbea09da2
86264afb-6b0a-4c23-ade7-de9f6692457b,57339310-cec6-4e0d-a810-4274f259ec77
d802b5f0-9242-46d3-a506-b23bf9ba9621,dd765871-2c53-4339-b59a-03cb3e0c8c76
e3a3ac4a-9336-414a-9cbd-98eac9fa2795,8ded9c84-4d87-427d-bdb9-7c617cd3d88a
fb05e284-ea71-44e9-a1fd-bcba907aa294,c0d76804-c711-4ac5-a1db-2681f3d769ee
1878942a-c693-4280-9413-017dfe6cced6,60a9680a-6745-4b40-b689-1ceec8be7bd7
469faba3-8121-487a-8d26-a16c14772c5b,9c389ce3-c70c-488e-9744-d1d3fbf4777a
ddbf9bdb-f083-4e9c-9dd2-adc59580a462,d4ee5749-f633-4156-9cf1-012173ffbc58
a4961c64-b00a-4278-8946-30570a301fe2,461cdd9b-8656-45dc-97f2-09409f066261
04143537-737a-41de-b2e5-8e1500993f90,bb285dce-10cb-4dd5-b67c-1cbf65bda246
e3ddd9b4-e147-42c5-9a1c-da3db4aebcdc,e171a30a-d577-42f1-8eca-dde3c1077367
a4cab0fc-a478-46f7-8fd8-7ac6edd331c3,19d118f5-a6d1-4017-8f93-6ec0c76f24dc
599af9a6-065f-4855-85d0-c6ee4704257a,a579f4bd-c38f-48f9-a232-b46688ea8afc
d340c21f-ca83-4f03-8a59-dc15ca81387f,24579d11-2129-4282-9937-4339a46580de
aff92296-5bc8-45f5-b036-70ab74b5e90e,1cc27641-297d-4f93-b809-2462a3c01ff9
bea6ce51-75d0-49d1-9dff-b8cc81cc3416,fed5c0bb-7b43-4487-aec5-2c59ad6e7e69
1f3c38d1-ff6b-4fbe-956f-83638b470269,56854811-c6f8-49a1-b8ef-40fa1e357566
b07d0b63-2a1c-4902-bc99-98bcb457aacb,6a896641-0c39-42d1-ab55-a9af46dd1484
212b1dac-06fd-4e05-8345-39d303fd2aaf,8026f89b-8f35-4f9e-bc34-4f390ee9302a
111fbf12-3b45-495b-8540-738944cdd7ea,d7139ee2-e8b5-49d9-bf8d-515362ac8605
72549594-7b26-4096-8213-f1b0733b9587,c09d396e-78aa-43c7-bc67-9e9e6b80c72e
dadf7d3a-d254-4fa1-9937-a2bbf840347f,3b50942b-e86f-4e60-b5fe-52227db37ca6
f36f6072-ffe4-4828-b68e-08706b4eeeec,e4dbc870-b927-41e0-b207-32910a5dd71d
5f6af619-5b86-44b1-a318-efe1a183a464,7885e5ef-ddce-40ab-9333-ed9b24635813
06a3b16d-428b-4815-abe6-11f825d59da6,0758b6a7-7e97-4f65-a6d4-2e78fd293c83
1399d7cf-af6e-44f9-bf95-ff888b036f68,6e9e5cdf-417f-4377-a0be-be436ade1b83
79820697-745a-4f18-9d65-0b94d4e2bb36,72a6ada3-1707-4a70-b79c-633afa88e168
583ec6f3-b398-4a4b-888f-0181d220d624,b7329402-2e43-4869-814b-06345d2e9732
461e11e5-3384-4226-8277-388c436f1677,d00d0008-1333-447f-802a-d0b19d72c194
1e7bae85-c520-4506-83cb-94d804efe1f5,1ccaa903-71c0-40e6-9031-b23c8d621b2a
8695d781-685c-4066-a91d-26c2004a7704,29943406-f8b9-49ca-b2dc-0ad1680b26e2
ea8b8c74-196b-44cf-9d91-67c2ca596018,56cff6db-a253-4470-8f89-5dc3340d03ee
b95e092e-fb24-4260-949c-06379e3532b1,71c9aa1b-7bed-43bf-bdfb-bc9679702181
18fb81ae-2e86-4ea6-8570-534a60430e8f,d1305764-fb81-42b3-a202-2ce0f2e7ab08
3b9d7845-9a75-4061-a8d0-2da34878a9f8,776564c6-4271-474d-b771-f28d033a90bd
5466930f-24a3-4a95-8d94-69915c21569f,4fb4724c-4291-4e6b-9e83-c83cff7e3495
c5a377a0-c472-4779-a049-1aa464570841,b504e537-a3f6-406a-ae62-93dfbea09da2
0f3088d1-27a5-43f5-ad85-3becfc8fdc5c,b524daa8-86f1-4087-87ed-87e9ffe752ad
2cb985bc-1c53-47c6-aab3-fe6fa2e9d900,56cff6db-a253-4470-8f89-5dc3340d03ee
3fee7030-0e53-44ad-844b-47cc86d49748,575637b0-051a-4efd-848e-cc509155fe4f
5094933a-fe52-4bc2-b6b1-9031a447ce84,da205510-07eb-462b-afb7-224596899a40
dbaad27e-63e9-45b5-badc-57029e9e4575,d6031c81-e9b8-4947-88d1-84bb43807007
bf3ce795-84ef-43f2-9b86-2b609f44ec92,0d5f3276-76ba-43ac-a6bc-1a8f2011eefc
6a2ea11a-938e-419b-acc4-a6be43b5b5a9,b7118de1-9887-45cb-92f1-e7fc63ec2fbf
38799dae-537d-4964-a38a-4a79d2aaa3eb,be95cec1-4e19-4985-b39e-810731fa4691
c00ee292-4e84-49a7-bd56-509250fe9390,f69f825a-603f-4a24-8a91-74211aae004e
643c212e-2bad-4cdd-9a13-34b10e464dc8,6f2b7f07-65f1-44d7-991e-93881cb497eb
db2ddbf9-6440-454b-8844-b711f32e0dfb,4a852ec2-fe16-482f-a7ad-f1c4ae5ce103
f1ceb6a5-04d3-472e-a974-4076006ce163,f633c72c-00fe-45f0-90b6-135ba15399f2
7ffb0650-bbfc-4a14-9f64-c4a977f38efb,caf0a5ad-980a-44e9-a512-85bca8a9d3dc
6f3bc879-73fe-459b-89ca-5babafa7f6f8,d45880ed-dc45-4877-aec1-75085baf31c2
59ba1812-af81-4f0b-afa4-3118652820d9,d50dceb6-7c56-4ff4-bf3c-173b81e1edae
8a86e4b4-5d8d-4b63-9dc2-02c611fd5da8,9a11d7ad-5587-4d1d-b1d8-257101191bd9
baf53264-8002-4c77-9dac-f94cc8b5c2a9,76fcd71e-e78f-4d2f-b798-be7237aeaaa4
1d823f77-3b7f-436f-be0a-fe9f0e5e4cfa,e262682f-5abd-48f6-8278-063c4e97e0af
a2706dae-9c65-47db-b124-629d3dc619b0,bbe24383-1935-44e2-a575-36e46c8eea08
0f034bd1-550a-44af-9f68-077c0bdc5c68,45180407-db9e-4f1f-9bb7-57242cd770e5
561cae1b-83c8-4b65-b25a-ea7a609b0905,2ce83ac9-19ca-4ed2-94a2-1e99165e4f8a
8b23e534-5fec-4a12-8fff-28ca80360659,de276a4e-dd80-4625-a2ef-5c55ff398e66
22779bd7-89f0-4000-8727-dd8ff651489a,11816313-15ec-4f89-920f-875db4be79f7
ce45848e-5afc-47e3-86b0-2c05e5492a35,65b7949d-91e8-4e2c-b162-650b8b1b9ee9
a87fd62b-29cb-4006-8ac0-4a09238e26dd,2f19c080-a513-4312-a8cc-1fd59304ec39
fb60d5fa-3d7b-4972-81d0-572cdac6cc01,045ff9a4-7f98-4098-93a8-66d08e945198
7b684326-c9ed-4122-b274-bfa865a8979d,9ae390d1-7926-479d-9d11-daedfbae427f
60c4d26d-6f30-4b61-9ca4-9be3a39f48a9,ff5b6de4-0ea1-41ef-913a-6a859a5ed50d
a7ffa715-e938-4d4c-9232-f95b7d1a1e27,ceb87831-151b-48e8-bf9c-9f924bc348b1
d01ca799-989e-41fc-a830-9781660ec797,82182d55-f701-4fe5-b41b-198e71623ce2
479a962b-a296-40eb-b51a-ed7057e63cdd,85f5fcec-4b81-4a3d-bd0d-d04a59dd3128
c8a60a09-ead8-4699-8dfe-84a6853986ee,3abec6f8-29fd-49ed-8326-c3bd2401f9e4
34c5aba9-5d96-4c83-bc14-e305dee2b2dc,364693d1-d7b0-4e79-9ec9-6bf3c56a0fed
b6ff05fe-5575-421c-8143-a6fe8d084dbf,9fc4f063-0419-4207-a68f-49ab68203d30
ff667bf4-712a-485a-a93f-32b5db3a03b0,9174c21c-7a32-49ce-8beb-2e422e8d1dd3
4fe968a1-5598-4802-889f-678e92512421,22dd8a14-f025-4921-8bf0-bbbca1dae483
2416ac28-aa79-47b9-b2a7-0a3774186e81,57339310-cec6-4e0d-a810-4274f259ec77
c52ddd49-204c-4771-8d9b-4ed4a6ea07c4,bc1d29aa-acd3-4c48-a60e-00359e9f7734
9bfb41d7-cd9d-45a9-b047-b2f75e4b3c87,c17d34e2-514e-4c6c-8e2d-0632288cada6
0a0edbd2-6ca5-41a9-b5fe-7338192c4998,4f97423d-24aa-470c-9f56-5e1c2193073f
e8cbe622-e0fa-470f-bf40-295e29811665,a3b1cedf-1a30-49be-b954-d9a2b088026d
82ddd2a3-7420-47a9-9a18-03d65a39090d,323a294c-3d5f-418b-b05b-84405de41dab
153f84a7-c0f2-4f08-9f26-4fce946335af,12818983-f78e-4e2e-91b5-e4e6e94104fd
a2369450-8a82-460c-a0b5-0c2ea3a5cdbd,10986772-be9f-4509-ada3-deb3af537e7f
ce4877fc-aaf3-42fe-9cd0-73b6ae477d4f,62e549a5-9738-4b36-8ed9-b642d4f5c08e
44380789-e419-4f4f-a0f8-9b179a854148,a117ea7b-6d1b-47c0-b2be-b3a5d1a35525
9206b408-d3b2-4b30-b160-8cb0e151b1ae,463677e9-c556-44f9-9627-d177dcf77a9f
e6e8bd56-4ecb-415b-bb21-571820ad338b,a56ca553-096d-4149-bc55-dfa321ec50f1
5999e1b0-c046-431d-9cf3-4541dce190d8,947103a0-e408-4c19-9e82-fcc19686fcd1
f3f4bc72-5748-4a61-a9d3-00fb5a48edff,efcde1f4-e2c6-4bbe-9622-d44eef1bc38d
e5df6e2f-3489-48fd-9895-b58d459ada2a,c86f5f94-5686-45a0-92ce-ccb76d1a5d8a
7cd8a7bc-d92c-4c57-925e-d44e160209c1,48378150-3533-46c5-8068-9f3d031bd0d5
b495bb00-59c0-4463-ac00-889372c6d41b,b91f4552-b4ce-4cb9-8358-8d91ee78449d
a0b98aac-d4dc-4073-9e08-a0ea91fa9377,82182d55-f701-4fe5-b41b-198e71623ce2
32a5972e-7bb1-49ad-a244-e69f4dd67320,9ee063ce-efed-48b1-861b-698a5e5977e3
04d42afd-1788-4e6f-893b-42db115cb00c,76c3cfea-3573-43de-9988-eb509e133f4a
ea16a97a-dc20-4c94-8828-6b466403047a,7f7fcedc-d42a-4264-9227-63613b50ea0a
9a71f8f3-ffdc-4557-a772-1d4e1d4c5725,6d206be6-5efb-424d-8a70-bccb48cd4f04
8b906df9-232a-4097-874a-3e9cf677aa06,4fb4724c-4291-4e6b-9e83-c83cff7e3495
16074fed-d440-40bc-bf7c-cdedd89c8146,614c9e89-401e-443f-8775-cd68834ed40f
a980396e-476a-41eb-9c48-12b74b12d30a,045c6b80-f872-40bd-9f8a-fc24eca310b5
3daf510f-5a5d-40c0-b2fa-7b20d8eb374e,7ac415ac-ae2d-4f44-a8ab-5fd9568bba9a
c473d18f-1500-4fc2-a5c2-fd02b9ab877d,2f19c080-a513-4312-a8cc-1fd59304ec39
454b3278-6df7-4499-88fb-faa62be03c2a,a80a8d02-3bba-4499-9439-2bdd98ffbffd
b21372a3-50df-4a3f-a283-e567365205b5,f9b1c56d-1bfa-4472-87bf-ba620901257a
03ee267f-5795-4013-824b-4cea72e6517f,6a896641-0c39-42d1-ab55-a9af46dd1484
817b51ff-7c03-48ee-98dc-2f38412bdba0,24ee00b3-1a9f-4b6e-9cb3-25e26da9c346
47404729-2dad-4668-b6ff-cf26bb4a6561,586bfa7b-10e7-4d26-8f79-6359fe8218b0
7a12848c-4149-4e87-a860-f5bd69e972ef,ed2c5cbc-7c04-4fce-a223-6d071a923efd
5219b9b8-6547-498e-93ce-245b0f2c6051,c56da2bd-7fc5-4ee5-9500-1d40ba96b1f7
76ced537-bec7-49c0-848c-89188ca7c9d5,1bd9089e-a390-4db2-86a9-1ee963e3302f
7c473398-c692-40ac-affe-43999dd9a7b5,263ac0d4-4983-4df0-a3b6-c4fe52a7036c
599db172-8156-4c9e-975f-0272c1332371,2f3d7e6e-0b8f-4331-b2e7-39980d18d39b
d62ed46a-f3e8-4a73-ae06-61d8149c883f,22dd8a14-f025-4921-8bf0-bbbca1dae483
894bb284-85bf-405e-a1e6-2c738de6477d,a00b4203-0b25-4886-88e6-e57a0d5e52a9
217cde71-ed7a-4f76-aa9c-ae6af74b7996,5b5f751f-8253-4891-8839-f7dd864975c9
c41c681d-d721-4861-8a1c-ad84f70ef22e,ac9ac0d7-e25f-45c0-a008-6e7d0b1bf62a
6155754a-be4a-4340-ae9c-211a36d4757e,9b795a83-0bcb-400f-9b2d-37d826bf599e
652b8af3-bc1b-4d94-ac29-909e88c40898,3c9ee1d7-8e82-40ce-97ac-11808d93050d
dcb67c3c-2e28-4798-8325-367e362f4686,0ce59567-1fde-467b-b902-25a1e2c703e0
19d15113-3410-4563-a37d-89df15bc535d,a579f4bd-c38f-48f9-a232-b46688ea8afc
18c082b9-3702-414f-bde1-75ca05746715,d33f372d-8ca1-4335-be81-5a6b2b2e952d
5db72f15-9562-4fca-8f0b-8779ce826474,92ed9275-c4f4-406a-837f-e18ade56d3db
5c822295-f299-46d4-85f6-9f07da97b9a5,5eb0a02a-742c-471f-acd9-327374721cd5
f9ba2f8c-ee42-44ed-97de-57cfafacccc4,4f97423d-24aa-470c-9f56-5e1c2193073f
b70e6288-e0ff-492d-aa2d-a8adae01515f,face426c-2c39-4722-a56b-3c51a2f54238
f3d3bd48-c053-42ac-9e73-389c1dee565d,3182558c-dec3-43d6-a7bc-cabbef4e578f
7b3513b3-e2e7-4423-b1e8-8fd8ef7f6040,3005ef98-7205-4863-afaf-5a2c54d14736
72dd59d3-c228-41b4-97bf-c7e6218733fd,65a23326-95fc-40e3-af6e-8e4a121e0edc
7933c5af-093a-48b3-ac48-09695063958b,96b5f718-d6e3-4238-9ac8-d38d93be6856
705d933c-8532-4c7a-93d5-119e402a1da9,1cc27641-297d-4f93-b809-2462a3c01ff9
84d602f0-83ad-4a41-8b72-34d98fa80cb4,0a36806f-b05a-48fc-ad40-5c45a2ed582d
3522575a-f332-44d0-8adf-f15a10afca3a,2404795f-c0df-4449-bcad-568c496f1c41
d338fa41-a11f-44c1-a86c-e036baeddeca,a6dd14ff-5afb-4db5-983f-4b5f00afe133
5fffd16a-ce7c-4aac-b650-8e130a84b3a3,e465d467-0420-47ea-909f-a9a8a83779c6
cfcc5e34-3fb0-469e-8888-cde6260e8f32,413dc24d-6df9-4440-9177-33397a8684a7
fe0003da-289b-40eb-b400-99449965709a,0fb2bb53-2910-4daa-9f9b-acd932ef2009
f6c75142-573d-4a5e-bfc6-a8639c645d14,93ab67f4-47e3-4cb2-a962-aad91e644a82
2c54c49f-c036-49d1-97e9-87e9211c26a8,bccdb7a4-2c1c-4b05-85a0-31ca18ca11f9
30874e75-08ae-403d-abe9-a36327036739,62627009-82e1-4ecf-9097-8109382669dc
2018ba10-19b3-46a2-93a7-8ee2ba865d0e,045c6b80-f872-40bd-9f8a-fc24eca310b5
e2d00a5c-a9e8-491a-b89a-ef04dd31293e,18ddee43-07da-40db-8d4c-d4f8650f4a05
27001ba3-b570-4b59-9a27-eedc45f2fa80,dd92773e-9bb9-444d-8ee2-342783ba4137
ca477fd9-dfde-46c4-9351-e058ae06f123,fabddcf0-bfd0-4600-9422-10e729110756
372c8f3f-e757-42a4-8a65-74c40202321b,74283d26-39c4-4570-a353-c663ffc72815
35a410a3-3179-4eb1-9519-80be61af84a0,10855914-84a1-4c68-b244-fd71945092b1
2a5146f9-c7ab-406f-9e57-8ada4ad3067c,a56ca553-096d-4149-bc55-dfa321ec50f1
c0eb248c-f33d-47a8-a3a1-393eca529392,0b035917-9e5b-450c-ba38-91446e98fc7e
01d030a2-a6d9-4ec8-9646-4aad0b617243,cef5563b-596c-4865-b0f2-fd64b6c885bd
31a3c216-87ca-4e9a-9701-c4fe8165b0fd,0a925222-3412-4cbc-9400-0a8f2031c4a7
b32e7721-89cd-43ec-93d9-569deee5fa39,ecbcee57-2422-4cb8-8bff-cb5589f046a1
3df6c8e1-aed9-44c2-8693-8352c3865cee,8f74419d-88b3-4df0-a24c-5e355544a8e7
56849dd3-1f36-4baa-bc02-7f7c611950a2,f2998f74-0ac1-4e69-a021-19529878e7fb
3effcba2-6c63-4a27-85e9-92981092cdc9,7954b519-1eef-4084-b58a-67513090f28c
9683c4a6-f355-4471-836b-9e448e46debf,6f2b7f07-65f1-44d7-991e-93881cb497eb
3ab3c8e7-4408-438c-ab14-7cbff08ee4c7,43bf8477-3ed3-495d-b808-991c00fb2857
b8a6fb2e-ca56-41d9-bc77-f334a607b79f,287c0c3a-256b-4b76-9bcf-2108a4030679
650aeb09-069c-414c-8922-4c796c948065,b2d2fa4d-3dfb-4450-851d-4a8b1692c40c
9a921ef6-cc53-47ef-a3a1-6c7d5a4f75e0,3c1c0e2e-ecb4-4ef8-b54d-46ba332edded
79212fa5-cc6a-4536-8fdd-392b2426839e,a5c431dc-7375-4dbd-8ee8-e4b0bf55abc2
54d2a8d7-b94b-4a8d-98b5-a4744f11bb97,0d695b09-98c7-4c2f-8b39-fd13fe7275a4
fa346eb5-95c0-4234-81fa-36251feba547,aa4383ef-bfa9-47b8-a3be-5bdaf8e29d41
1bdbc5bd-360e-43be-8d89-30f71b4c9dee,45180407-db9e-4f1f-9bb7-57242cd770e5
4effd7b8-b67a-4c8e-b9cb-b61d28eb8707,e699f5ef-95c4-4641-be19-7cf2bf164edf
43ee3946-9369-4144-bad7-037a3a6b7280,9e970cd4-de3c-4ffe-85f8-cf0305872c17
a7ec37ec-98c6-441c-a7a8-e192d3070b41,9998f3e7-e5eb-4382-85bf-087c0ceca892
fa86569f-ca68-4e10-b20d-8067f3d5d49a,cc1393d8-b9d7-4680-888c-ccd299d3c7ad
fa78aaad-296c-46c5-ae8f-c4d8b9461869,e6071e3a-b0a5-44af-aa35-cf3048ae0ac1
113316e5-55ac-4288-83dd-6fe5eb189ad4,f341eb7f-e094-4e52-a414-4b217f33293f
2e8bfd9e-1279-4a51-80d0-018277875737,d00d0008-1333-447f-802a-d0b19d72c194
57c4fbbd-a8e7-48d4-bcd3-e52bbea9aff3,0f16f7d1-bf9d-42c5-9687-698043f9f17c
1601dc88-f9ba-4f29-9d79-ec79be8d42c2,35896a08-f38b-4ad2-937c-1300cc20f5cc
5b21bf8e-e913-4f64-af12-e52d7da153a3,4800cf13-5833-4db6-80e4-392373428220
dda4aef5-ab39-4b9f-b9b2-ca74e4fb7ca3,920d9876-ec33-455d-9cb7-abfb260fec47
b5512f9c-ecf0-4eb7-9504-d1bd30edbb8f,69e1bc6d-bb95-4757-acb1-fb7582d995cc
cdda5d91-4e3b-44d2-ba70-3217815e56e1,0b035917-9e5b-450c-ba38-91446e98fc7e
e5786889-489b-41ec-8a91-302fcffecab1,54dd7d0b-73a9-4bdf-b4d1-566e4b9fb9a1
8d227a43-21d0-470e-af3d-ec6397869a5e,7afe7c5c-ee8b-4427-ab1b-44093f3ba58d
e331dcc3-1f60-40ae-8674-c028600dd048,636de7fc-3fd4-452e-995b-6f539950891b
b662c546-3361-418f-88bc-718d541b14d7,502a25b9-9e62-427b-8674-738c4612bf9f
42007dd2-43b0-4201-a9c6-4e25af650def,8c314853-dc70-4f1f-a27d-00b6bcfba0c6
c03f395b-a298-4bbf-9273-65d3bfcb7cac,5bb567ae-8292-4197-acfc-faa55c79653d
a8c4fe3e-839c-4325-830b-11d8f009abce,b627c81f-a2b2-4814-af4a-9cc0c293655b
d6187c92-24bb-4ebb-9608-e92f5bc7eb49,ab6eb716-2d85-4900-b24c-47b70042f10c
d92ef763-034f-4efd-b37b-39f37a960734,c250da00-81a0-4c2b-b18d-5ee30d8e7df3
43125269-c859-4eb9-aec6-3fd6f45d3fcf,c6452ce8-1e4f-4bdc-bb87-a6eee8b3c902
94aa7cff-8c4a-4834-80d1-57e8412d0584,120b0b69-c01f-41fc-9002-3b34ca496e7a
b439525c-f149-46d5-80c5-48158037739b,de84c619-9fce-44be-a528-4aaad156d75b
9827b44c-68ed-4ed1-a50a-9df21c275278,896ce63b-78c4-4e9a-a6ae-b2c51faed2b1
0e130164-7910-480b-a76d-4356df0ee8c0,ac6ebd11-c255-4a0a-88ec-6c5601f5c7ad
78941ce2-d108-43f1-afce-580bc9f127aa,b67ffb16-e243-4b5b-8f4e-39fad76eb7d3
05ec4a7b-e33a-4f0d-8246-c99755c25322,addffbca-6cc1-47b8-81c3-4270a349c9a0
ae7347bc-e400-4958-9d5f-f7d79d123bd1,9c06dbd6-cbc5-4ae0-a7b5-507b2a591628
bd33496c-ad3c-442f-a0fe-0690f44bbe17,54906701-50a6-4736-a76f-85d79aec198c
cb6892c7-e42f-4b27-88bd-ce671d2094f3,f9f0f9d5-baac-46da-9fe2-51901f43b89f
b6f83b17-e70f-4314-bef3-270467cd6321,4f97423d-24aa-470c-9f56-5e1c2193073f
81ad1359-814e-44cf-aaef-37c27a8c30c6,71d6bffe-18d3-4b14-ac96-3fa9a172a87a
73bb1b56-5812-4a9b-8536-9d2a9dda5779,3ee0f462-db49-48ff-aed4-22b52c3cea75
cfd93f23-3f34-4b39-9a05-118bf069ebfd,de9b7a38-33b9-4146-9731-d187e1b0132b
2f523ca6-2784-4600-b8a2-8171b9039f2b,4622b4f5-503c-424f-8ac0-0c58847cb8ad
da81d380-6c56-4268-86eb-f03849ccfc1c,c0f28c84-986c-4874-a4b7-6c419bbcb219
9f88d475-7a71-44d5-8f0a-37b2cc705211,aa158093-fe8d-428a-9455-184e1ecc40b9
bf39a32b-ed89-48dc-964e-957c1731c2f4,03138a40-b941-4eca-b695-5ed26e2e703f
eadffd48-1db6-4f34-8cc3-53b74b7355aa,cc9ea555-c614-4a8b-aa61-b38e24528218
ae6408a8-a812-4cb7-bd91-72f486fca52c,ec98611f-c472-4083-8128-1c50a907793a
2dba1f3b-b986-45fc-8219-9eec6ba19ca8,8f74419d-88b3-4df0-a24c-5e355544a8e7
38761531-a6e9-4023-94b0-fc46c13c4163,89e0031d-6e71-49e9-a94a-8b411540501f
c1088826-04ae-4660-84a3-ab08db45a2c1,2c3347af-485d-4cda-83b7-a99bcc1aa425
d8724b88-569a-4a2e-8c77-7248d89198e5,6fc0ff08-1ffa-438f-9786-5c8d477c4ecf
e14d382f-3fa2-4db7-9867-64afc1f4e8cb,cfc42caf-c36a-4083-b75d-0542eb51eff8
a05151ef-90e3-4235-9434-75e9035b05a7,120b0b69-c01f-41fc-9002-3b34ca496e7a
e44a66e9-dedb-4d73-aea1-0b9fc85382b5,cca1d952-177e-422a-8b78-c84fc277c695
d88ad735-93f4-491b-b244-2694a021662a,ad0bbeb2-fdac-4fda-b982-ddf058ad68f9
51302d3f-a6ba-4c0b-8ed8-bcd7e1f010d7,26902949-8c39-44b2-81a7-db0e774c79c9
0066b12e-945d-4327-a160-f609409f8b0a,a560bccb-742d-48e6-93d4-6b622aaaf7fc
4831b5e4-462c-423e-b809-7fd8fce8e9e2,ea02b0f0-9333-44c7-859d-e1508ee60660
bb17a6e4-8fda-400f-a488-cc66d36263a9,cb9da2f2-bec6-41d2-a74a-bcb949d2ede9
e55edb4c-0c4d-471c-b1d6-ba8dcfff6672,05c5f44e-dc09-4e4c-8b96-80d7e8c94ec4
82cba5ed-5227-4850-845e-b25d2cccf2ce,f2998f74-0ac1-4e69-a021-19529878e7fb
495a6ce5-a41f-407f-a2ea-b20e31207979,c5e12fd4-951e-4c96-b5fa-aa0e74be90c3
b0a17ca0-260a-4d9f-9002-ea991f2c53f5,de276a4e-dd80-4625-a2ef-5c55ff398e66
0d2fb7ee-d5e8-4f12-97cd-786f7c843377,839c4432-36ce-455b-8d8a-ece2a0e9f0af
3e00540e-8c48-4e88-9099-811b5bde4bc9,4ff178e6-ac12-4cc3-9a4c-4a24ab5fd8c6
b5616ac8-8c6f-4ffa-9dd4-bc942d2ca9d1,586bfa7b-10e7-4d26-8f79-6359fe8218b0
a5b66e14-bce6-4625-a7c2-c0c4344ceb39,8e1bc6b4-1166-4139-b0f3-0758f791dad8
aa62d223-32f2-45bd-a92f-9e096f489132,e6bc7d28-f705-4c4d-9568-8c4a5a1be60b
95df603a-ba61-40e6-9c9c-1f8a4dd98c24,ab54074b-f7d9-484f-ad03-8da8639f0516
491853aa-aa72-476d-9ab3-71e75a326d1c,d2a1d5fa-f323-430d-8b1a-22ddaba59324
1394d356-e349-4eb2-b35b-3a7c71d37162,580be403-d2c9-4a2b-837f-5ed87a919a9c
3a108f7a-cc7f-4c4a-a4b9-8a58af9df4e7,f633c72c-00fe-45f0-90b6-135ba15399f2
cae10f2f-c0db-47bb-a969-1c60b638572e,7b29e9c2-5ead-4b64-869f-7c8560b07826
68d7596c-27a4-4db8-9bf9-fb08297e6705,31fc5dc2-9805-4d29-8c0b-8e3791423b62
7846388f-7a5d-4093-b365-e8856bbf2a6c,62627009-82e1-4ecf-9097-8109382669dc
294cedca-7dd8-43e1-a5cb-892af4eb30af,3182558c-dec3-43d6-a7bc-cabbef4e578f
b54feba0-3e28-485d-972b-e140ec59805e,0b585fd5-7ea5-445d-850b-363477c90021
866fa68f-8181-4801-823e-d7033f3c6700,f646d1ec-8d94-4782-8cbc-574220bedee8
21c8ea91-f3b1-4716-9e7b-1ee8b2e770d5,ea6aa0f6-40b3-4f07-8b89-7d00e00a8da2
c153d193-b8c3-4d76-896b-3e2b901d7fc2,54906701-50a6-4736-a76f-85d79aec198c
166e6d4e-0900-4797-ac57-cc62ab18fb32,c78f9d73-c532-40fc-825a-ef042b326bd2
f45956ee-cf1d-4368-83a3-e9b0feaaf39e,e1292977-8a98-470e-ae7c-2e53843c6c3d
22beabbf-2096-4758-95a3-aba83790c7b6,bda94df0-f482-42a0-8354-d7d00a462cfd
d1ece9aa-2276-49a6-8e82-eadddfad3dab,04aaca1c-d212-48cc-905a-dab2749cc18d
0252a51e-784d-413e-bc69-332ef63ab528,6ed76b50-8c33-4408-ae37-46845262a909
ae7ffe7c-e0c8-425a-a5eb-51188186ad37,6ed5638d-dc4f-402b-be90-95ef0556989a
086c4da5-bd43-404c-bb29-fcf221158e25,74fa24db-1e85-48a5-956f-0c0d4a3e9a88
c07f3e10-3ba1-4adb-a8f3-dd645c4e3db5,96e17f63-e10e-43a2-8ce5-3d97a7e1e24e
fbd88015-f302-4691-9898-7bae1f6179b1,639800d4-2a41-4c49-9cf9-d50d220764e5
325f23c5-1d75-411a-8408-e0056bc24446,b52f6b0c-aa61-4af0-9154-b53f114df035
ec664e69-0ca6-42d0-815c-5cdfef107b9d,9870ae5f-8c7a-4a29-b4d3-28d2fc4553d0
5645ad9e-2dcd-43de-b6f4-e0c8aea23d81,356c72c1-4d4b-48f2-95ef-41f306085ab3
336b8fda-904c-48d7-8e8e-70a55f9eeae6,c1d1dec6-0544-4a42-a00e-72a5da49638b
d9ff48a0-db8e-4022-b1eb-3327d5c6436d,12bcd083-5b0b-4a9a-a44a-0ab6d0563236
54fdac36-d01a-49d3-baef-95a25e9edf56,e25db99d-47e7-45ba-968d-a6f2bfef627c
3acbfec0-bc19-485b-be04-49c207f4cf8b,b3b3249a-0ebd-43a6-ab37-3aac600c5e13
4a03feca-91a2-4627-a5c2-0b588b13d5f2,4faf9367-3fc5-460c-8b94-d655dd117c42
82865d9d-f7d4-495f-bbb2-7205eafffd91,593d20a0-e972-4c99-ab6e-17322349661c
b790efc9-ce45-4fef-8eb3-194f2b687415,f479ddc6-5b64-4b7a-b50d-493ccff4e264
b3729ea6-f3af-4c4e-8073-cb6294ac27dc,0fb2bb53-2910-4daa-9f9b-acd932ef2009
a69544bb-9c30-45b0-9e93-bd0db20937bb,447e5487-1fff-42ff-9099-014b2551a9cf
